leaid,district_name,current_boundary_since,n_baseline_years,n_efa_years,total_years,data_status,baseline_years_thin,baseline_cagr,covid_drop_pct,recovered_from_covid,efa_cagr,typology,reversal_magnitude
0500001,DEWITT SCHOOL DISTRICT,2013,7,4,13,ok,False,-0.010559683440164225,-0.11424100156494522,False,-0.00816733382115642,sustained_decline,
0500006,WARREN SCHOOL DISTRICT,2013,7,4,13,ok,False,-0.004406923124326667,-0.11661631419939578,False,-0.008975448749630965,emerging_decline,
0500009,CORNING SCHOOL DISTRICT,2013,7,4,13,ok,False,-0.02083544880679289,-0.15583075335397317,False,-0.019260263839119385,sustained_decline,
0500012,RIVERSIDE SCHOOL DISTRICT,2013,7,4,13,ok,False,-0.009925804351226808,-0.13202933985330073,False,0.004583015447519712,decline_stabilized,
0500015,SHERIDAN SCHOOL DISTRICT,2013,7,4,13,ok,False,-0.0023494654459849107,-0.02541567695961995,True,-0.020188144006793696,emerging_decline,
0500016,MARMADUKE SCHOOL DISTRICT,2013,7,4,13,ok,False,-0.006705309366952128,-0.12903225806451613,False,-0.02152366203196543,accelerating_decline,
0500017,PARAGOULD SCHOOL DISTRICT,2013,7,4,13,ok,False,0.010890214754419869,-0.03941194870190804,False,-0.010177988122699655,reversal_downward,moderate
0500019,BATESVILLE SCHOOL DISTRICT,2013,7,4,13,ok,False,0.007753081630893277,-0.03134895503483217,True,-0.021647661481056568,reversal_downward,large
0500020,MIDLAND SCHOOL DISTRICT,2013,7,4,13,ok,False,-0.0026685011259662827,-0.19963031423290203,False,-0.048599897679331594,emerging_decline,
0500021,IZARD COUNTY CONSOLIDATED SCHOOL DISTRICT,2013,7,4,13,ok,False,0.01639796402861382,0.056925996204933584,True,0.01988697426259045,growth_throughout,
0500023,NEWPORT SCHOOL DISTRICT,2013,7,4,13,ok,False,-0.02049195996604125,-0.1690031152647975,False,-0.023971885975979323,sustained_decline,
0500026,PINE BLUFF SCHOOL DISTRICT,2021,7,4,13,ok,False,-0.06335682341963689,-0.35298196948682387,False,-0.04513335260516549,sustained_decline,
0500028,STAR CITY SCHOOL DISTRICT,2013,7,4,13,ok,False,-0.014998503036998456,-0.14510050251256282,False,-0.03096593664768499,accelerating_decline,
0500029,GOSNELL SCHOOL DISTRICT,2013,7,4,13,ok,False,-0.01532928586097404,-0.12678169542385595,False,0.003962679385713486,decline_stabilized,
0500030,NEVADA SCHOOL DISTRICT,2014,6,4,12,ok,False,-0.008412873084361894,-0.10526315789473684,True,0.015069670873159469,reversal_upward,moderate
0500032,BEARDEN SCHOOL DISTRICT,2013,7,4,13,ok,False,-0.022966413099137384,-0.13012477718360071,False,-0.030321888828579557,sustained_decline,
0500041,WESTERN YELL COUNTY SCHOOL DISTRICT,2013,7,4,13,ok,False,-0.039127284118367744,-0.2337962962962963,False,-0.055138579351217465,accelerating_decline,
0500042,HAMBURG SCHOOL DISTRICT,2013,7,4,13,ok,False,-0.02054817337307513,-0.19896640826873385,False,0.001287831429441777,decline_stabilized,
0500043,MOUNTAIN HOME SCHOOL DISTRICT,2013,7,4,13,ok,False,-0.0018895454244035603,-0.027331995987963893,False,-0.017417800959960816,emerging_decline,
0500044,MAGNOLIA SCHOOL DISTRICT,2014,6,4,12,ok,False,-0.020036112014494845,-0.1174061433447099,False,-0.034623166251870674,accelerating_decline,
0500045,RIVERCREST SCHOOL DISTRICT,2013,7,4,13,ok,False,-0.022596089035740397,-0.19654088050314467,False,-0.00599383483592697,sustained_decline,
0500046,MANILA SCHOOL DISTRICT,2013,7,4,13,ok,False,-0.00015849117573041305,-0.06396989651928504,False,-0.006393176103412723,emerging_decline,
0500047,TRUMANN SCHOOL DISTRICT,2013,7,4,13,ok,False,-0.015728945194622757,-0.10941320293398533,False,-0.03092149206777417,accelerating_decline,
0500048,EAST POINSETT COUNTY SCHOOL DISTRICT,2013,7,4,13,ok,False,-0.014168916321693037,-0.2211404728789986,False,0.0006090135488365789,decline_stabilized,
0500049,DE QUEEN SCHOOL DISTRICT,2013,7,4,13,ok,False,-0.0030459083780999263,-0.055944055944055944,False,0.0024365869576601362,stable,
0500051,PALESTINE WHEATLEY SCHOOL DISTRICT,2013,7,4,13,ok,False,0.034250840736453014,-0.04767726161369193,False,0.016288068261208988,growth_throughout,
0500061,IMBODEN CHARTER SCHOOL DIST,2013,7,4,13,ok,False,0.011981031720431634,-0.15625,True,-0.055985989151709714,reversal_downward,large
0500065,LAFAYETTE COUNTY SCHOOL DISTRICT,2013,7,4,13,ok,False,-0.045513587904749464,-0.25544267053701014,False,-0.07540298569696391,accelerating_decline,
0500067,CLEVELAND COUNTY SCHOOL DISTRICT,2013,7,4,13,ok,False,-0.01707090544524681,-0.2073310423825888,False,-0.026213034194311646,sustained_decline,
0500068,EMERSON TAYLOR BRADLEY SCHOOL DISTRICT,2013,7,4,13,ok,False,0.01070589963821078,0.043520309477756286,True,0.022000337721349572,growth_throughout,
0500070,CEDAR RIDGE SCHOOL DISTRICT,2013,7,4,13,ok,False,-0.024264679707494352,-0.27176470588235296,False,-0.00786196045091414,sustained_decline,
0500071,HILLCREST SCHOOL DISTRICT,2013,7,4,13,ok,False,0.018780844431429466,-0.11737089201877934,False,-0.0025974142949444223,growth_stalled,
0500072,DEER MT JUDEA SCHOOL DISTRICT,2013,7,4,13,ok,False,0.026500441040614886,-0.1261904761904762,False,-0.09019509888219779,reversal_downward,large
0500073,OUACHITA RIVER SCHOOL DISTRICT,2013,7,4,13,ok,False,0.014084192528370787,-0.04155495978552279,True,-0.02139463711133649,reversal_downward,large
0500076,OZARK MOUNTAIN SCHOOL DISTRICT,2013,7,4,13,ok,False,-0.0073348375324653325,-0.10225563909774436,False,-0.03885122441301847,accelerating_decline,
0500079,TWO RIVERS SCHOOL DISTRICT,2013,7,4,13,ok,False,-0.0006283387696447429,-0.14551804423748546,False,-0.05994663713820736,emerging_decline,
0500082,LAWRENCE COUNTY SCHOOL DISTRICT,2013,7,4,13,ok,False,-0.021728544078301715,-0.1467038068709378,False,0.009748513743959686,reversal_upward,large
0500405,COSSATOT RIVER SCHOOL DISTRICT,2013,7,4,13,ok,False,-0.025628277342560346,-0.22035398230088496,False,-0.02176327419057189,sustained_decline,
0500419,JACKSONVILLE NORTH PULASKI SCHOOL DISTRICT,2016,4,4,10,ok,True,0.007330898689159815,-0.12192289828146773,True,-0.021324050489211932,reversal_downward,large
0502250,ALMA SCHOOL DISTRICT,2013,7,4,13,ok,False,0.0009637113663278907,-0.026387625113739762,False,-0.015401980413655925,emerging_decline,
0502280,ALPENA SCHOOL DISTRICT,2013,7,4,13,ok,False,-0.006914547656263315,-0.17300380228136883,False,-0.06554779691823243,accelerating_decline,
0502430,ARKADELPHIA SCHOOL DISTRICT,2013,7,4,13,ok,False,-0.01851834106058392,-0.09340101522842639,False,-0.018301360006623524,sustained_decline,
0502550,ARMOREL SCHOOL DISTRICT,2013,7,4,13,ok,False,-0.005914265649910377,-0.06880733944954129,False,0.04270479563607488,reversal_upward,large
0502580,ASHDOWN SCHOOL DISTRICT,2013,7,4,13,ok,False,-0.005008228451603092,-0.10351966873706005,False,-0.024285307680980472,accelerating_decline,
0502610,ATKINS SCHOOL DISTRICT,2013,7,4,13,ok,False,-0.012312648695347539,-0.08832188420019627,False,-0.011021160391345264,sustained_decline,
0502670,AUGUSTA SCHOOL DISTRICT,2013,7,4,13,ok,False,-0.04499836784307698,-0.26436781609195403,False,-0.06079123014143517,accelerating_decline,
0502700,BALD KNOB SCHOOL DISTRICT,2013,7,4,13,ok,False,-0.010284907465681559,-0.11614956245027844,False,-0.01717898091764425,sustained_decline,
0502730,BARTON SCHOOL DISTRICT,2013,7,4,13,ok,False,-0.02520172719047986,-0.18531889290012032,False,-0.023446190917039256,sustained_decline,
0502790,BAUXITE SCHOOL DISTRICT,2013,7,4,13,ok,False,0.007408588830929652,-0.06791569086651054,False,0.023236376607632003,growth_throughout,
0502820,BAY SCHOOL DISTRICT,2013,7,4,13,ok,False,0.00743613887238892,-0.09163987138263666,False,-0.010792209370776185,reversal_downward,moderate
0502880,BEEBE SCHOOL DISTRICT,2013,7,4,13,ok,False,0.0007722617490104611,-0.032552479464557346,True,-0.008184510205379913,emerging_decline,
0502960,BENTON SCHOOL DISTRICT,2013,7,4,13,ok,False,0.020460398521680467,-0.024469233537243614,True,-0.013371365406892988,reversal_downward,large
0503030,PEA RIDGE SCHOOL DISTRICT,2013,7,4,13,ok,False,0.041302522065096214,-0.006723442402510085,True,0.02787637680601729,growth_throughout,
0503060,BENTONVILLE SCHOOL DISTRICT,2013,7,4,13,ok,False,0.028473808395900857,0.006835499775885253,True,0.02217433018968351,growth_throughout,
0503090,BERGMAN SCHOOL DISTRICT,2013,7,4,13,ok,False,-0.0033645400817581272,-0.0706713780918728,False,-0.04553393349686652,emerging_decline,
0503150,BERRYVILLE SCHOOL DISTRICT,2013,7,4,13,ok,False,-0.013389301518952679,-0.11489776046738072,False,-0.01879792901311339,sustained_decline,
0503240,BISMARCK SCHOOL DISTRICT,2013,7,4,13,ok,False,0.0008382949524639027,-0.06766169154228856,True,0.006616136856461674,emerging_growth,
0503300,BLEVINS SCHOOL DISTRICT,2013,7,4,13,ok,False,0.0006615952869513109,-0.13663366336633664,False,-0.09658613903401037,emerging_decline,
0503320,BLYTHEVILLE SCHOOL DISTRICT,2013,7,4,13,ok,False,-0.05029404012607386,-0.3585798816568047,False,-0.06928191808939221,accelerating_decline,
0503420,LEAD HILL SCHOOL DISTRICT,2013,7,4,13,ok,False,-0.019112500595366844,-0.024,False,-0.000934579983705941,decline_stabilized,
0503450,BOONEVILLE SCHOOL DISTRICT,2013,7,4,13,ok,False,-0.01471225670065135,-0.09601873536299765,False,-0.007275924650623988,sustained_decline,
0503480,BRADFORD SCHOOL DISTRICT,2013,7,4,13,ok,False,-0.004329241485586666,-0.08993576017130621,False,-0.030010387980691444,emerging_decline,
0503630,BRINKLEY SCHOOL DISTRICT,2013,7,4,13,ok,False,-0.01882218250395573,-0.21415270018621974,False,-0.05567360858263315,accelerating_decline,
0503640,BROOKLAND SCHOOL DISTRICT,2013,7,4,13,ok,False,0.05152353211308269,0.03685596088755171,True,0.015367896198845266,growth_throughout,
0503690,BRYANT SCHOOL DISTRICT,2013,7,4,13,ok,False,0.008054664788589738,-0.009140767824497258,True,-0.005021530383292783,reversal_downward,small
0503710,BUFFALO ISLAND CENTRAL SCHOOL DISTRICT,2013,7,4,13,ok,False,-0.014397250134766892,-0.14285714285714285,False,-0.019122352330087966,sustained_decline,
0503750,CABOT SCHOOL DISTRICT,2013,7,4,13,ok,False,0.0056063735857130315,-0.03308299267991254,True,-0.006834885781452971,reversal_downward,small
0503770,CADDO HILLS SCHOOL DISTRICT,2013,7,4,13,ok,False,-0.007018555631698398,-0.07692307692307693,False,0.006598871193429501,reversal_upward,small
0503840,CALICO ROCK SCHOOL DISTRICT,2013,7,4,13,ok,False,-0.014101761300046034,-0.15813953488372093,False,-0.04436323536459208,accelerating_decline,
0503960,CARLISLE SCHOOL DISTRICT,2013,7,4,13,ok,False,-0.01538968672068075,-0.13540197461212977,False,-0.0016233794778151012,decline_stabilized,
0504020,WESTSIDE CONSOLIDATED SCHOOL DISTRICT (Craighead),2013,7,4,13,ok,False,0.003996092371018944,-0.020713463751438434,True,-0.004420584336076394,stable,
0504050,CAVE CITY SCHOOL DISTRICT,2013,7,4,13,ok,False,-0.014397250134766892,-0.08722741433021806,False,-0.01205974645518837,sustained_decline,
0504080,CEDARVILLE SCHOOL DISTRICT,2013,7,4,13,ok,False,-0.019320348646660435,-0.1618828932261768,False,-0.012167796896547567,sustained_decline,
0504110,GENOA CENTRAL SCHOOL DISTRICT,2013,7,4,13,ok,False,0.015187832491143416,-0.003401360544217687,True,0.0022490938847179454,growth_stalled,
0504170,WHITE COUNTY CENTRAL SCHOOL DISTRICT,2013,7,4,13,ok,False,0.02841297887315619,0.015345268542199489,True,0.009650777254669674,growth_throughout,
0504200,CHARLESTON SCHOOL DISTRICT,2013,7,4,13,ok,False,0.0011487694966447748,-0.09392265193370165,False,0.007001394858006549,emerging_growth,
0504350,CLARENDON SCHOOL DISTRICT,2013,7,4,13,ok,False,-0.05924063695173121,-0.29322033898305083,False,-0.05198273648419227,sustained_decline,
0504370,RECTOR SCHOOL DISTRICT,2013,7,4,13,ok,False,-0.004450635968130445,-0.09819967266775777,False,0.009191691789812939,emerging_growth,
0504380,CLARKSVILLE SCHOOL DISTRICT,2013,7,4,13,ok,False,-0.003949039006982069,-0.09273743016759776,False,-0.019245916840514132,emerging_decline,
0504410,CLINTON SCHOOL DISTRICT,2013,7,4,13,ok,False,-0.0074667867927755704,-0.07669172932330827,False,-0.02609186188902668,accelerating_decline,
0504560,CONCORD SCHOOL DISTRICT,2013,7,4,13,ok,False,-0.01322264260339201,-0.19189765458422176,False,-0.009928453499808976,sustained_decline,
0504590,CONWAY SCHOOL DISTRICT,2013,7,4,13,ok,False,0.006470007953515378,-0.029554215676583968,True,-0.014713989773100455,reversal_downward,moderate
0504680,COTTER SCHOOL DISTRICT,2013,7,4,13,ok,False,0.020827724646625523,-0.036601307189542485,False,-0.021628437975796055,reversal_downward,large
0504740,COUNTY LINE SCHOOL DISTRICT,2013,7,4,13,ok,False,0.01802194248751432,0.006097560975609756,True,-0.015530466646250907,reversal_downward,moderate
0504800,CROSSETT SCHOOL DISTRICT,2013,7,4,13,ok,False,-0.011757005394007813,-0.1495798319327731,False,-0.029243527473999387,accelerating_decline,
0504860,CUTTER MORNING STAR SCHOOL DISTRICT,2013,7,4,13,ok,False,0.01586186970261627,-0.06351550960118169,True,-0.03861935763490043,reversal_downward,large
0504890,DANVILLE SCHOOL DISTRICT,2013,7,4,13,ok,False,-0.012261023590964037,-0.15855039637599094,False,0.0013210054988141984,decline_stabilized,
0504930,DARDANELLE SCHOOL DISTRICT,2013,7,4,13,ok,False,0.0037833105336102513,-0.042455006922012,False,-0.00503173584886385,emerging_decline,
0504980,DECATUR SCHOOL DISTRICT,2013,7,4,13,ok,False,-0.002484516835785766,-0.08205128205128205,True,-0.017578344814957125,emerging_decline,
0505170,DERMOTT SCHOOL DISTRICT,2013,7,4,13,ok,False,-0.03735753335626746,-0.22535211267605634,False,-0.0481530589453153,accelerating_decline,
0505190,DES ARC SCHOOL DISTRICT,2013,7,4,13,ok,False,0.0,-0.012411347517730497,True,0.01766013972284486,emerging_growth,
0505340,DIERKS SCHOOL DISTRICT,2013,7,4,13,ok,False,-0.007473946576467161,-0.141396933560477,False,0.015068176752567997,reversal_upward,moderate
0505430,DOVER SCHOOL DISTRICT,2013,7,4,13,ok,False,-0.013057700319564658,-0.1559177888022679,False,-0.040651892144034196,accelerating_decline,
0505470,DREW CENTRAL SCHOOL DISTRICT,2013,7,4,13,ok,False,0.02972414499834164,0.04524033930254477,True,-0.016631532379192127,reversal_downward,large
0505500,DUMAS SCHOOL DISTRICT,2013,7,4,13,ok,False,-0.036007389740438045,-0.3194733194733195,False,-0.09091476685030875,accelerating_decline,
0505550,EARLE SCHOOL DISTRICT,2013,7,4,13,ok,False,-0.02434808609534944,-0.315359477124183,False,-0.04364417056007397,accelerating_decline,
0505580,EAST END SCHOOL DISTRICT,2013,7,4,13,ok,False,-0.0007914537615512085,-0.08532934131736528,False,0.0036496673863617435,stable,
0505680,EL DORADO SCHOOL DISTRICT,2013,7,4,13,ok,False,-0.012331453276535065,-0.0979655019902698,False,-0.018747542340354473,sustained_decline,
0505760,ELKINS SCHOOL DISTRICT,2013,7,4,13,ok,False,0.021844030436569906,-0.0007874015748031496,True,0.0014566662979673684,growth_stalled,
0505850,ENGLAND SCHOOL DISTRICT,2013,7,4,13,ok,False,-0.031932030233179476,-0.18610747051114024,False,-0.024479716985287503,sustained_decline,
0505970,EUREKA SPRINGS SCHOOL DISTRICT,2013,7,4,13,ok,False,0.0015491975129524604,-0.11864406779661017,False,-0.01878128127285461,emerging_decline,
0506060,CAMDEN FAIRVIEW SCHOOL DISTRICT,2014,6,4,12,ok,False,-0.022663800671567702,-0.16867939228671602,False,-0.05828094169890152,accelerating_decline,
0506090,FARMINGTON SCHOOL DISTRICT,2013,7,4,13,ok,False,0.016715823016742792,0.006259780907668232,True,0.039395922594834376,growth_throughout,
0506120,FAYETTEVILLE SCHOOL DISTRICT,2013,7,4,13,ok,False,0.01802640828319957,-0.032039668160579765,True,-0.008220079753462617,reversal_downward,moderate
0506150,FLIPPIN SCHOOL DISTRICT,2013,7,4,13,ok,False,0.013511121760139133,-0.029885057471264367,False,-0.04282752645268895,reversal_downward,large
0506210,FORDYCE SCHOOL DISTRICT,2013,7,4,13,ok,False,-0.01900491726613751,-0.12056737588652482,False,-0.06382843596718135,accelerating_decline,
0506240,FOREMAN SCHOOL DISTRICT,2013,7,4,13,ok,False,-0.0152776476735077,-0.09375,False,0.013424420678672888,reversal_upward,moderate
0506270,FORREST CITY SCHOOL DISTRICT,2013,7,4,13,ok,False,-0.04757319151756212,-0.3235893949694086,False,-0.023035134191450313,sustained_decline,
0506330,FORT SMITH SCHOOL DISTRICT,2013,7,4,13,ok,False,-0.002071764291713185,-0.03782242925676146,False,-0.015272931061382278,emerging_decline,
0506360,FOUKE SCHOOL DISTRICT,2013,7,4,13,ok,False,0.008610174680672822,-0.02938475665748393,True,-0.024634326346323676,reversal_downward,large
0506420,FOUNTAIN LAKE SCHOOL DISTRICT,2013,7,4,13,ok,False,0.006324246143164292,-0.0898876404494382,False,-0.028998138619025005,reversal_downward,large
0506540,GENTRY SCHOOL DISTRICT,2013,7,4,13,ok,False,0.0033355500020424422,-0.015006821282401092,True,0.03311129035229299,emerging_growth,
0506630,GLEN ROSE SCHOOL DISTRICT,2013,7,4,13,ok,False,0.007450916188533663,-0.09351145038167939,False,-0.01395032022710918,reversal_downward,moderate
0506690,CENTERPOINT SCHOOL DISTRICT,2013,7,4,13,ok,False,0.0028704783388426858,-0.01805416248746239,False,-0.0032223639105843915,stable,
0506840,GRAVETTE SCHOOL DISTRICT,2013,7,4,13,ok,False,0.0040996569228515245,-0.02566788894709272,True,-0.004020143903749163,stable,
0506870,GREEN FOREST SCHOOL DISTRICT,2013,7,4,13,ok,False,0.017196380618879514,-0.008708272859216255,True,-0.01541992015783833,reversal_downward,moderate
0506900,GREENBRIER SCHOOL DISTRICT,2013,7,4,13,ok,False,0.010912504805671741,0.004221784407542921,True,-0.009174829142677532,reversal_downward,moderate
0506930,GREENLAND SCHOOL DISTRICT,2013,7,4,13,ok,False,-0.01106780441594668,-0.16136631330977622,False,-0.045498042637495906,accelerating_decline,
0506990,GREENWOOD SCHOOL DISTRICT,2013,7,4,13,ok,False,0.007192378725538351,-0.014546416291986247,True,-0.010587397199590232,reversal_downward,moderate
0507110,GURDON SCHOOL DISTRICT,2013,7,4,13,ok,False,-0.023322669786776884,-0.1803921568627451,False,-0.029263287429885376,sustained_decline,
0507140,GUY PERKINS SCHOOL DISTRICT,2013,7,4,13,ok,False,-0.036310341622271314,-0.29901960784313725,False,0.011765785274559626,reversal_upward,large
0507170,HACKETT SCHOOL DISTRICT,2015,5,4,11,ok,True,-0.03845709928920693,-0.1521486643437863,False,0.021885932596545477,reversal_upward,large
0507230,HAMPTON SCHOOL DISTRICT,2013,7,4,13,ok,False,0.007634880647368947,-0.1386986301369863,False,-0.023446190917039256,reversal_downward,large
0507290,HARMONY GROVE SCHOOL DISTRICT (Ouachita),2013,7,4,13,ok,False,-0.007319495880341975,-0.09958932238193019,False,-0.020709105973357622,accelerating_decline,
0507320,HARMONY GROVE SCHOOL DISTRICT (Saline),2013,7,4,13,ok,False,0.009588365317062975,-0.04009433962264151,False,0.0064936884475026435,growth_throughout,
0507350,HARRISBURG SCHOOL DISTRICT,2013,7,4,13,ok,False,-0.018648754511799037,-0.13449367088607594,False,-0.021890988566224068,sustained_decline,
0507380,HARRISON SCHOOL DISTRICT,2013,7,4,13,ok,False,-0.0020027544498464334,-0.01956521739130435,True,-0.010197360162213842,emerging_decline,
0507530,HAZEN SCHOOL DISTRICT,2013,7,4,13,ok,False,-0.015785734519980776,-0.17262830482115085,False,-0.026537819331653223,accelerating_decline,
0507560,HEBER SPRINGS SCHOOL DISTRICT,2013,7,4,13,ok,False,-0.025997641002470928,-0.15897720956086714,False,-0.011133865595066239,sustained_decline,
0507620,HECTOR SCHOOL DISTRICT,2013,7,4,13,ok,False,0.004165141582213705,0.022988505747126436,True,0.04016736893507322,emerging_growth,
0507680,HELENA WEST HELENA SCHOOL DISTRICT,2013,7,4,13,ok,False,-0.052014873796449757,-0.324455205811138,False,-0.003381831712650607,decline_stabilized,
0507710,HERMITAGE SCHOOL DISTRICT,2013,7,4,13,ok,False,0.0011730252327784019,-0.12556053811659193,False,-0.028148063530031187,emerging_decline,
0507740,CROSS COUNTY SCHOOL DISTRICT,2013,7,4,13,ok,False,-0.02278011856743878,-0.09009009009009009,False,0.0174304597324344,reversal_upward,large
0507770,HIGHLAND SCHOOL DISTRICT,2013,7,4,13,ok,False,0.0018779535710189421,-0.04942037827943868,False,-0.04170676291180553,emerging_decline,
0507840,HOPE SCHOOL DISTRICT,2013,7,4,13,ok,False,-0.014943984937137333,-0.11995201919232307,False,-0.022572506412792515,sustained_decline,
0507860,HORATIO SCHOOL DISTRICT,2013,7,4,13,ok,False,-0.004779291661566543,-0.17309941520467836,False,-0.04682714188791226,emerging_decline,
0507890,HOT SPRINGS SCHOOL DISTRICT,2013,7,4,13,ok,False,-0.005973494782753441,-0.02183288409703504,False,-0.015343335339788267,sustained_decline,
0507920,JESSIEVILLE SCHOOL DISTRICT,2013,7,4,13,ok,False,-0.01059977238753984,-0.10631229235880399,False,-0.03247408552973996,accelerating_decline,
0507990,HOXIE SCHOOL DISTRICT,2013,7,4,13,ok,False,-0.016150932152210418,-0.10783200908059024,False,-0.0016528955750114704,decline_stabilized,
0508040,WEST MEMPHIS SCHOOL DISTRICT,2015,5,4,11,ok,True,-0.020976397305292438,-0.1238213840953567,False,-0.04288405931503936,accelerating_decline,
0508130,HUNTSVILLE SCHOOL DISTRICT,2013,7,4,13,ok,False,-0.0014086154898615977,-0.07109408258833547,False,-0.019466042220350643,emerging_decline,
0508240,JASPER SCHOOL DISTRICT,2013,7,4,13,ok,False,-0.011852771731061473,-0.16926503340757237,False,-0.016273233874985804,sustained_decline,
0508280,JONESBORO SCHOOL DISTRICT,2013,7,4,13,ok,False,0.0206854614273706,-0.027308990487879718,True,-0.005237343325023791,reversal_downward,large
0508340,JUNCTION CITY SCHOOL DISTRICT,2013,7,4,13,ok,False,0.042194833210265514,-0.0424597364568082,True,-0.019859994459205832,reversal_downward,large
0508400,RIVERVIEW SCHOOL DISTRICT,2013,7,4,13,ok,False,-0.02552020979357894,-0.17313218390804597,False,-0.026990023585282463,sustained_decline,
0508490,KIRBY SCHOOL DISTRICT,2013,7,4,13,ok,False,0.017518984611100352,0.013020833333333334,True,-0.07893501211424159,reversal_downward,large
0508610,LAKE HAMILTON SCHOOL DISTRICT,2013,7,4,13,ok,False,-0.0013295667753410179,-0.07089804186360567,False,-0.0330844973293295,emerging_decline,
0508640,LAKESIDE SCHOOL DISTRICT (Chicot),2013,7,4,13,ok,False,-0.023328698156822147,-0.20218579234972678,False,-0.04098974119379761,accelerating_decline,
0508670,LAKESIDE SCHOOL DISTRICT (Garland),2013,7,4,13,ok,False,0.013389402789047766,-0.048065984072810014,False,0.005106638684535092,growth_throughout,
0508700,LAMAR SCHOOL DISTRICT,2013,7,4,13,ok,False,0.011286019281202098,-0.049300956585724795,False,-0.024522483407286022,reversal_downward,large
0508730,LAVACA SCHOOL DISTRICT,2013,7,4,13,ok,False,-0.007602806703197573,-0.06705882352941177,False,-0.02145085058016405,accelerating_decline,
0508940,LINCOLN SCHOOL DISTRICT,2013,7,4,13,ok,False,-0.024187145014955003,-0.17119341563786009,False,-0.0012523494630446441,decline_stabilized,
0509000,LITTLE ROCK SCHOOL DISTRICT,2013,7,4,13,ok,False,-0.016153463243225308,-0.12379624936644704,False,-0.01977425625879381,sustained_decline,
0509060,LONOKE SCHOOL DISTRICT,2013,7,4,13,ok,False,-0.01235298074737079,-0.13649025069637882,False,-0.015802519585172425,sustained_decline,
0509150,MAGAZINE SCHOOL DISTRICT,2013,7,4,13,ok,False,-0.01005322867373859,-0.17216117216117216,False,0.025690913892167266,reversal_upward,large
0509190,MAGNET COVE SCHOOL DISTRICT,2013,7,4,13,ok,False,0.02393992348484364,-0.062162162162162166,False,-0.03067646537035651,reversal_downward,large
0509240,MALVERN SCHOOL DISTRICT,2013,7,4,13,ok,False,-0.01806744219847256,-0.1370817843866171,False,-0.020250762238556153,sustained_decline,
0509270,MAMMOTH SPRING SCHOOL DISTRICT,2013,7,4,13,ok,False,0.0036378265848699964,-0.01293103448275862,True,-0.04254098705283804,emerging_decline,
0509330,MANSFIELD SCHOOL DISTRICT,2013,7,4,13,ok,False,-0.021982493612431542,-0.17341040462427745,False,-0.0056229562246374876,sustained_decline,
0509360,LEE COUNTY SCHOOL DISTRICT,2013,7,4,13,ok,False,-0.057637036459518676,-0.32917139614074914,False,0.0397761879805274,reversal_upward,large
0509390,MARION SCHOOL DISTRICT,2013,7,4,13,ok,False,-0.01239212333466555,-0.12219333490900497,False,-0.010787476450490496,sustained_decline,
0509420,MARKED TREE SCHOOL DISTRICT,2013,7,4,13,ok,False,-0.029815657865394973,-0.1784452296819788,False,-0.0033784041281893495,decline_stabilized,
0509480,SEARCY COUNTY SCHOOL DISTRICT,2013,7,4,13,ok,False,-0.017761461518253308,-0.1660939289805269,False,-0.01904402440729913,sustained_decline,
0509510,MARVELL ELAINE SCHOOL DISTRICT,2013,7,4,13,ok,False,-0.02848739181517357,-0.27114427860696516,False,-0.14837815589720105,accelerating_decline,
0509540,MAYFLOWER SCHOOL DISTRICT,2013,7,4,13,ok,False,-0.012645847304439961,-0.1550044286979628,False,-0.017565627899904124,sustained_decline,
0509570,MAYNARD SCHOOL DISTRICT,2013,7,4,13,ok,False,0.016011867773387367,-0.011857707509881422,True,0.0024449975072708963,growth_stalled,
0509600,MCCRORY SCHOOL DISTRICT,2013,7,4,13,ok,False,-0.0073093037224674084,-0.17142857142857143,False,-0.018386534210840577,accelerating_decline,
0509630,MCGEHEE SCHOOL DISTRICT,2013,7,4,13,ok,False,-0.003624640770315102,-0.07627118644067797,False,-0.012684295875737384,emerging_decline,
0509720,MELBOURNE SCHOOL DISTRICT,2013,7,4,13,ok,False,-0.00961244268006245,-0.0990990990990991,False,-0.027194645956053032,accelerating_decline,
0509750,MENA SCHOOL DISTRICT,2013,7,4,13,ok,False,-0.008531602494979973,-0.05726872246696035,False,-0.01054560139301619,sustained_decline,
0509780,MINERAL SPRINGS SCHOOL DISTRICT,2013,7,4,13,ok,False,0.0008133403242420734,-0.12408759124087591,False,-0.009874971860841852,emerging_decline,
0509840,MONTICELLO SCHOOL DISTRICT,2013,7,4,13,ok,False,-0.026940747627600903,-0.20579847908745247,False,-0.021134607014236084,sustained_decline,
0509990,MOUNT IDA SCHOOL DISTRICT,2013,7,4,13,ok,False,-0.026141096027662236,-0.20229007633587787,False,-0.04526972886650782,accelerating_decline,
0510080,MOUNT VERNON ENOLA SCHOOL DISTRICT,2013,7,4,13,ok,False,0.0,-0.025390625,True,-0.023926497341624886,emerging_decline,
0510170,MOUNTAIN PINE SCHOOL DISTRICT,2013,7,4,13,ok,False,-0.0014198578505754123,0.042444821731748725,True,-0.05535843387415795,emerging_decline,
0510200,MOUNTAIN VIEW SCHOOL DISTRICT,2013,7,4,13,ok,False,-0.01139803450842758,-0.09910979228486647,False,-0.01691889699567617,sustained_decline,
0510260,MOUNTAINBURG SCHOOL DISTRICT,2013,7,4,13,ok,False,-0.016982863216782884,-0.09183673469387756,False,-0.0016155116984246654,decline_stabilized,
0510290,MULBERRY PLEASANT VIEW BI COUNTY SCHOOL DISTRICT,2013,7,4,13,ok,False,0.0245428307776816,-0.021377672209026127,False,0.015077644523983968,growth_throughout,
0510320,SOUTH PIKE COUNTY SCHOOL DISTRICT,2013,7,4,13,ok,False,-0.0037916284762992136,-0.023943661971830985,False,-0.006660033658836828,emerging_decline,
0510380,NASHVILLE SCHOOL DISTRICT,2013,7,4,13,ok,False,-0.0018076350607103553,-0.03444730077120823,True,-0.03765041023494953,emerging_decline,
0510410,NEMO VISTA SCHOOL DISTRICT,2013,7,4,13,ok,False,0.007800821776945632,-0.006507592190889371,True,-0.00965577544735674,reversal_downward,small
0510440,NETTLETON SCHOOL DISTRICT,2013,7,4,13,ok,False,0.018373793030175722,-0.048535564853556486,True,0.022649511837640413,growth_throughout,
0510560,NORFORK SCHOOL DISTRICT,2013,7,4,13,ok,False,-0.009892528606907813,-0.05296610169491525,False,-0.019466042220350643,sustained_decline,
0510680,NORTH LITTLE ROCK SCHOOL DISTRICT,2013,7,4,13,ok,False,-0.00951864121400725,-0.11263992537313433,False,-0.026940936511959723,accelerating_decline,
0510920,OMAHA SCHOOL DISTRICT,2013,7,4,13,ok,False,-0.0069468441685208715,-0.14216867469879518,False,0.028870628856165537,reversal_upward,large
0510950,OSCEOLA SCHOOL DISTRICT,2013,7,4,13,ok,False,-0.031511839946595566,-0.23846153846153847,False,-0.03792451147147968,sustained_decline,
0510980,OUACHITA SCHOOL DISTRICT,2013,7,4,13,ok,False,0.004236819026555372,-0.05973025048169557,True,0.0012106549352692841,stable,
0511010,OZARK SCHOOL DISTRICT,2013,7,4,13,ok,False,-0.01113370671088254,-0.08413719185423366,False,-0.031289284289848895,accelerating_decline,
0511070,PANGBURN SCHOOL DISTRICT,2013,7,4,13,ok,False,0.002720577641412314,-0.06716417910447761,False,-0.040099058472525595,emerging_decline,
0511130,PARIS SCHOOL DISTRICT,2013,7,4,13,ok,False,-0.01701517854706225,-0.1310592459605027,False,-0.04138745283244283,accelerating_decline,
0511220,PARKERS CHAPEL SCHOOL DISTRICT,2013,7,4,13,ok,False,0.016096666161603768,-0.03254067584480601,True,-0.00598816752785214,reversal_downward,moderate
0511340,PERRYVILLE SCHOOL DISTRICT,2013,7,4,13,ok,False,-0.012069147758416499,-0.09979633401221996,False,-0.031199258902022686,accelerating_decline,
0511370,PIGGOTT SCHOOL DISTRICT,2013,7,4,13,ok,False,-0.014847263078662576,-0.1551155115511551,False,-0.037739244737045596,accelerating_decline,
0511610,POCAHONTAS SCHOOL DISTRICT,2013,7,4,13,ok,False,0.019526093019621937,-0.06198547215496368,False,-0.021193594744749356,reversal_downward,large
0511700,POTTSVILLE SCHOOL DISTRICT,2013,7,4,13,ok,False,0.010185754959324722,0.012600229095074456,True,-0.004410200640416417,growth_stalled,
0511730,POYEN SCHOOL DISTRICT,2013,7,4,13,ok,False,0.00946992018827486,-0.18316831683168316,False,0.05004894261537074,growth_throughout,
0511760,PRAIRIE GROVE SCHOOL DISTRICT,2013,7,4,13,ok,False,0.014950598301996187,0.012877662209014363,True,-0.0031741207026373397,growth_stalled,
0511820,PRESCOTT SCHOOL DISTRICT,2013,7,4,13,ok,False,-0.02062348259120672,-0.13198458574181118,False,-0.027728029586665537,sustained_decline,
0511850,PULASKI COUNTY SPECIAL SCHOOL DISTRICT,2013,7,4,13,ok,False,-0.0595768806906557,-0.33968347010551,False,-0.007866935511642081,sustained_decline,
0511880,QUITMAN SCHOOL DISTRICT,2013,7,4,13,ok,False,0.016918120812418946,0.0027359781121751026,True,0.00965310639742678,growth_throughout,
0511970,ROGERS SCHOOL DISTRICT,2013,7,4,13,ok,False,0.01060245381962277,-0.023280961770879714,True,-0.015605604583146304,reversal_downward,moderate
0512000,ROSE BUD SCHOOL DISTRICT,2013,7,4,13,ok,False,-0.02230992397763465,-0.1324736225087925,False,-0.041299667800160145,accelerating_decline,
0512060,RUSSELLVILLE SCHOOL DISTRICT,2013,7,4,13,ok,False,0.0049732992018336475,-0.00818268315889629,True,-0.014181438688143255,emerging_decline,
0512090,SALEM SCHOOL DISTRICT,2013,7,4,13,ok,False,0.009207543364230908,-0.00468384074941452,True,-0.02778140176751298,reversal_downward,large
0512180,SCRANTON SCHOOL DISTRICT,2013,7,4,13,ok,False,0.016464132387153274,-0.006666666666666667,False,0.010566820114538578,growth_throughout,
0512210,SEARCY SCHOOL DISTRICT,2013,7,4,13,ok,False,-0.007908499889808462,-0.06313790647994304,False,-0.01513335057935461,sustained_decline,
0512420,SHIRLEY SCHOOL DISTRICT,2013,7,4,13,ok,False,-0.0291578416518119,-0.22248803827751196,False,-0.07926167360860548,accelerating_decline,
0512450,SILOAM SPRINGS SCHOOL DISTRICT,2013,7,4,13,ok,False,0.012128308731466975,-0.045069778082818576,True,-0.01378232809362201,reversal_downward,moderate
0512480,SLOAN HENDRIX SCHOOL DISTRICT,2013,7,4,13,ok,False,0.009817770250460933,-0.023676880222841225,True,0.030190473880761015,growth_throughout,
0512510,SMACKOVER NORPHLET SCHOOL DISTRICT,2014,6,4,12,ok,False,-0.021183215216730278,-0.13790186125211507,False,0.008531217850821005,reversal_upward,large
0512520,SOUTH CONWAY COUNTY SCHOOL DISTRICT,2013,7,4,13,ok,False,0.003774160271625915,-0.002179598953792502,True,-0.03697830127120194,emerging_decline,
0512540,SOUTHSIDE SCHOOL DISTRICT (Independence),2013,7,4,13,ok,False,0.03503264409965379,-0.004515805318615153,True,-0.0006762470363324002,growth_stalled,
0512570,SOUTH SIDE SCHOOL DISTRICT (Van Buren),2013,7,4,13,ok,False,0.007089643090266717,-0.06451612903225806,False,-0.03374146796373201,reversal_downward,large
0512630,SPRING HILL SCHOOL DISTRICT,2013,7,4,13,ok,False,0.002281837236956852,-0.08239095315024232,True,-0.0021517011078389103,stable,
0512660,SPRINGDALE SCHOOL DISTRICT,2013,7,4,13,ok,False,0.012746854007994024,-0.01660350117307345,True,-0.010882021069721248,reversal_downward,moderate
0512930,STRONG HUTTIG SCHOOL DISTRICT,2013,7,4,13,ok,False,-0.04750110696781584,-0.24031007751937986,False,-0.026590769489807542,sustained_decline,
0512960,STUTTGART SCHOOL DISTRICT,2013,7,4,13,ok,False,-0.015769155290815018,-0.08626760563380281,False,-0.006081818539568129,sustained_decline,
0513080,GREENE COUNTY TECH SCHOOL DISTRICT,2013,7,4,13,ok,False,0.00443339480471816,-0.04680616740088106,False,-0.021536643322833227,emerging_decline,
0513110,TEXARKANA SCHOOL DISTRICT,2013,7,4,13,ok,False,-0.015155893716832347,-0.10205970840083314,False,-0.01172728816854851,sustained_decline,
0513230,JACKSON COUNTY SCHOOL DISTRICT,2013,7,4,13,ok,False,0.001775689591520413,-0.08138238573021182,False,-0.005766190782538261,emerging_decline,
0513350,VALLEY SPRINGS SCHOOL DISTRICT,2013,7,4,13,ok,False,-0.014381313345713354,-0.11312700106723586,False,-0.02022843704879973,sustained_decline,
0513380,VALLEY VIEW SCHOOL DISTRICT,2013,7,4,13,ok,False,0.014302033962559024,0.002792321116928447,True,-0.005909070872032407,reversal_downward,moderate
0513410,VAN BUREN SCHOOL DISTRICT,2013,7,4,13,ok,False,-0.006501909380591808,-0.07778915046059365,True,-0.017335435408480926,accelerating_decline,
0513530,VILONIA SCHOOL DISTRICT,2013,7,4,13,ok,False,-0.00664431710603175,-0.0826625386996904,False,-0.022293841506365708,accelerating_decline,
0513560,VIOLA SCHOOL DISTRICT,2013,7,4,13,ok,False,-0.02399278664479665,-0.0774818401937046,False,0.005141478549995471,reversal_upward,large
0513680,WALDRON SCHOOL DISTRICT,2013,7,4,13,ok,False,-0.010191414135231724,-0.084155161078238,False,-0.029378951227447714,accelerating_decline,
0513930,WATSON CHAPEL SCHOOL DISTRICT,2013,7,4,13,ok,False,-0.04218476846386843,-0.3284923928077455,False,-0.05638615909456801,accelerating_decline,
0514010,WEST FORK SCHOOL DISTRICT,2013,7,4,13,ok,False,-0.033281412829991086,-0.2731829573934837,False,-0.04421468309037646,accelerating_decline,
0514020,WESTSIDE SCHOOL DISTRICT (Johnson),2013,7,4,13,ok,False,-0.0053026629283896565,-0.12481203007518797,False,-0.03869767914096345,accelerating_decline,
0514040,WEST SIDE SCHOOL DISTRICT (Cleburne),2013,7,4,13,ok,False,0.012200383876144194,-0.04121475054229935,True,-0.019698799428176428,reversal_downward,moderate
0514140,WHITE HALL SCHOOL DISTRICT,2013,7,4,13,ok,False,0.0006749924592830414,-0.021878155503197577,True,-0.0034243060587734186,stable,
0514370,WONDERVIEW SCHOOL DISTRICT,2013,7,4,13,ok,False,0.009138262664823538,-0.06926406926406926,False,-0.009132930243318738,reversal_downward,small
0514400,WOODLAWN SCHOOL DISTRICT,2013,7,4,13,ok,False,-0.0002999850795000203,-0.05363321799307959,True,-0.01836909826094879,emerging_decline,
0514430,WYNNE SCHOOL DISTRICT,2013,7,4,13,ok,False,-0.005946360083680435,-0.1092526690391459,False,-0.032012237864075366,accelerating_decline,
0514490,YELLVILLE SUMMIT SCHOOL DISTRICT,2013,7,4,13,ok,False,0.0168942074188152,0.03423848878394333,True,0.005025210014713011,growth_throughout,
